{"cameraMode":{"drawMode":0,"name":"Shaded","section":"Shading Mode"},"sceneLighting":false,"audioPlay":false,"sceneViewState":{"showFog":true,"showMaterialUpdate":false,"showSkybox":false,"showFlares":true,"showImageEffects":true,"showParticleSystems":true},"in2DMode":false,"pivot":{"x":-3.8380637168884279,"y":1.6871120929718018,"z":0.10211706161499024},"rotation":{"x":0.011999621987342835,"y":-0.0006013286765664816,"z":0.000008087665264611132,"w":0.9999327659606934},"size":2.112372398376465,"orthographic":false}